output,ninja_s,trace_s,frontend_s,backend_s,source_s,instantiate_function_s,instantiate_class_s,optimizer_s,codegen_s
src/Mod/Sketcher/Gui/CMakeFiles/SketcherGui.dir/CommandCreateGeo.cpp.o,24.212,24.084727,11.669604,12.324862,6.769054,5.180674,3.859566,7.138581,5.177723
src/Mod/Sketcher/Gui/CMakeFiles/SketcherGui.dir/CommandSketcherTools.cpp.o,15.232,15.133219,9.282366,5.782288,6.42381,3.425232,2.930076,3.560928,2.215853
src/Mod/Sketcher/Gui/CMakeFiles/SketcherGui.dir/CommandConstraints.cpp.o,13.938,13.847238,8.113849,5.677085,5.582823,2.353169,2.208252,3.411542,2.260237
src/Mod/Sketcher/Gui/CMakeFiles/SketcherGui.dir/ViewProviderSketch.cpp.o,13.205,13.103891,8.729761,4.302117,5.858917,2.737916,2.662091,2.77774,1.518067
src/Mod/Sketcher/Gui/CMakeFiles/SketcherGui.dir/Utils.cpp.o,11.328,11.232654,7.196425,3.986956,5.801274,1.965615,2.022264,2.494916,1.487638
src/Mod/Sketcher/Gui/CMakeFiles/SketcherGui.dir/EditModeConstraintCoinManager.cpp.o,10.76,10.644378,6.021412,4.580738,4.300641,2.022461,1.818841,2.891437,1.685898
src/Mod/Sketcher/Gui/CMakeFiles/SketcherGui.dir/TaskSketcherConstraints.cpp.o,10.181,10.074696,7.342837,2.674457,5.527205,2.09536,2.047605,1.723451,0.946997
src/Mod/Sketcher/Gui/CMakeFiles/SketcherGui.dir/Command.cpp.o,9.985,9.894554,7.134337,2.704299,5.406042,2.082595,2.111164,1.739841,0.960044
src/Mod/Sketcher/Gui/CMakeFiles/SketcherGui.dir/EditModeInformationOverlayCoinConverter.cpp.o,9.548,9.451014,6.194679,3.209505,5.063148,1.649287,1.670788,2.102598,1.102976
src/Mod/Sketcher/Gui/CMakeFiles/SketcherGui.dir/TaskSketcherElements.cpp.o,9.499,9.397496,7.009347,2.33465,5.107753,1.997791,1.994439,1.508656,0.82153
src/Mod/Sketcher/Gui/CMakeFiles/SketcherGui.dir/SketcherToolDefaultWidget.cpp.o,9.285,9.18801,5.604858,3.542721,4.470656,1.703596,1.714887,2.21436,1.325214
src/Mod/Sketcher/Gui/CMakeFiles/SketcherGui.dir/AppSketcherGui.cpp.o,8.977,8.8872,5.51576,3.328853,4.332414,1.766402,1.789593,2.0597,1.265614
src/Mod/Sketcher/Gui/CMakeFiles/SketcherGui.dir/DrawSketchHandler.cpp.o,8.939,8.834742,6.820304,1.963518,5.293173,1.903377,1.935371,1.253071,0.706458
src/Mod/Sketcher/Gui/CMakeFiles/SketcherGui.dir/CommandSketcherBSpline.cpp.o,8.507,8.416715,6.498306,1.868747,5.244176,1.793688,1.821063,1.155802,0.70897
src/Mod/Sketcher/Gui/CMakeFiles/SketcherGui.dir/EditDatumDialog.cpp.o,8.403,8.300831,6.627631,1.623404,5.356384,1.83383,1.921037,1.051618,0.568373
src/Mod/Sketcher/Gui/CMakeFiles/SketcherGui.dir/TaskSketcherTool.cpp.o,8.287,8.196716,5.360379,2.798704,4.265579,1.697811,1.685593,1.756869,1.038915
src/Mod/Sketcher/Gui/CMakeFiles/SketcherGui.dir/CommandAlterGeometry.cpp.o,8.184,8.080659,6.568029,1.458827,5.405272,1.743551,1.891985,0.936473,0.518528
src/Mod/Sketcher/Gui/CMakeFiles/SketcherGui.dir/CommandSketcherVirtualSpace.cpp.o,8.161,8.059529,6.585043,1.428356,5.456247,1.744544,1.812772,0.927819,0.496873
src/Mod/Sketcher/Gui/CMakeFiles/SketcherGui.dir/EditTextDialog.cpp.o,8.042,7.946189,6.371686,1.525897,5.268061,1.71637,1.772187,1.012381,0.510261
src/Mod/Sketcher/Gui/CMakeFiles/SketcherGui.dir/EditModeCoinManager.cpp.o,7.981,7.880089,5.824276,2.012146,4.152275,2.034327,1.825362,1.385056,0.623638
src/Mod/Sketcher/Gui/CMakeFiles/SketcherGui.dir/DrawSketchHandlerDragAutoConstraint.cpp.o,7.281,7.193714,6.042432,1.106658,4.92776,1.636978,1.648226,0.726535,0.376397
src/Mod/Sketcher/Gui/CMakeFiles/SketcherGui.dir/EditModeGeometryCoinConverter.cpp.o,7.246,7.152759,5.882969,1.224172,4.710363,1.659178,1.660646,0.838605,0.38266
src/Mod/Sketcher/Gui/CMakeFiles/SketcherGui.dir/TaskSketcherSolverAdvanced.cpp.o,7.094,6.996869,6.493686,0.455509,5.453362,1.710392,1.853755,0.207677,0.244259
src/Mod/Sketcher/Gui/CMakeFiles/SketcherGui.dir/SnapManager.cpp.o,7.047,6.949956,5.962903,0.945823,5.028341,1.520324,1.64292,0.62633,0.316822
src/Mod/Sketcher/Gui/CMakeFiles/SketcherGui.dir/TaskSketcherValidation.cpp.o,6.662,6.575924,4.861865,1.669087,3.577903,1.544405,1.347078,1.03989,0.625694
src/Mod/Sketcher/Gui/CMakeFiles/SketcherGui.dir/CommandSketcherOverlay.cpp.o,6.548,6.454304,6.319938,0.086938,5.418939,1.661895,1.826004,0.041741,0.041585
src/Mod/Sketcher/Gui/CMakeFiles/SketcherGui.dir/EditModeGeometryCoinManager.cpp.o,6.46,6.36353,5.897408,0.422615,4.846068,1.633974,1.661863,0.296149,0.124166
src/Mod/Sketcher/Gui/CMakeFiles/SketcherGui.dir/TaskSketcherMessages.cpp.o,6.111,6.017351,5.893787,0.077123,4.965325,1.598631,1.718789,0.049593,0.024599
src/Mod/Sketcher/Gui/CMakeFiles/SketcherGui.dir/PropertyConstraintListItem.cpp.o,5.929,5.85489,2.607604,3.220167,1.687329,0.960752,0.750435,2.059822,1.157794
src/Mod/Sketcher/Gui/CMakeFiles/SketcherGui.dir/TaskDlgEditSketch.cpp.o,5.262,5.168664,5.052443,0.080254,4.099804,1.595369,1.682836,0.052163,0.025962
src/Mod/Sketcher/Gui/CMakeFiles/SketcherGui.dir/ViewProviderPython.cpp.o,5.172,5.082128,4.749619,0.294693,3.856743,1.510742,1.488854,0.168721,0.122887
src/Mod/Sketcher/Gui/CMakeFiles/SketcherGui.dir/ShortcutListener.cpp.o,4.778,4.68668,4.644225,0.008497,3.808854,1.467583,1.44519,0.003516,0.002607
src/Mod/Sketcher/Gui/CMakeFiles/SketcherGui.dir/ViewProviderSketchCoinAttorney.cpp.o,4.685,4.600665,4.563955,0.004079,3.759224,1.442939,1.416908,0.001638,0.000302
src/Mod/Sketcher/Gui/CMakeFiles/SketcherGui.dir/SketcherSettings.cpp.o,4.428,4.351828,2.669532,1.655366,1.704074,0.963364,0.789134,0.920771,0.731976
src/Mod/Sketcher/Gui/CMakeFiles/SketcherGui.dir/SketcherTransformationExpressionHelper.cpp.o,4.282,4.20152,4.043641,0.114146,3.20739,1.304582,1.133496,0.078001,0.033764
src/Mod/Sketcher/Gui/CMakeFiles/SketcherGui.dir/qrc_Sketcher_translation.cpp.o,3.179,3.12356,3.096414,0.00764,0.0,0.0,0.0,0.002476,0.003932
src/Mod/Sketcher/Gui/CMakeFiles/SketcherGui.dir/Workbench.cpp.o,2.411,2.343575,1.97654,0.342887,0.960466,0.519084,0.627341,0.167049,0.173755
src/Mod/Sketcher/Gui/CMakeFiles/SketcherGui.dir/SketchRectangularArrayDialog.cpp.o,1.801,1.736678,1.651891,0.062071,1.043064,0.752793,0.581223,0.035119,0.025086
src/Mod/Sketcher/Gui/CMakeFiles/SketcherGui.dir/SketchOrientationDialog.cpp.o,1.768,1.703757,1.58917,0.091896,0.968272,0.746381,0.563174,0.058527,0.031609
src/Mod/Sketcher/Gui/CMakeFiles/SketcherGui.dir/SketcherRegularPolygonDialog.cpp.o,1.696,1.634322,1.569605,0.042358,0.97833,0.725629,0.554011,0.026783,0.013829
src/Mod/Sketcher/Gui/CMakeFiles/SketcherGui.dir/DrawSketchKeyboardManager.cpp.o,1.474,1.41017,1.367521,0.021591,1.136821,0.425746,0.568889,0.012626,0.007392
src/Mod/Sketcher/Gui/CMakeFiles/SketcherGui.dir/TaskSketcherCreateCommands.cpp.o,1.344,1.283112,1.21892,0.042866,1.000741,0.314447,0.433466,0.029161,0.01205
src/Mod/Sketcher/Gui/CMakeFiles/SketcherGui.dir/ViewProviderSketchGeometryExtension.cpp.o,1.242,1.182006,1.132696,0.030266,0.966912,0.295174,0.282583,0.0216,0.00697
src/Mod/Sketcher/Gui/CMakeFiles/SketcherGui.dir/EditModeCoinManagerParameters.cpp.o,1.228,1.165669,1.121183,0.025633,0.974204,0.311178,0.323887,0.018416,0.005337
src/Mod/Sketcher/Gui/CMakeFiles/SketcherGui.dir/qrc_Sketcher.cpp.o,1.083,1.033785,1.017559,0.007167,0.0,0.0,0.0,0.002641,0.00315
src/Mod/Sketcher/Gui/CMakeFiles/SketcherGui.dir/ViewProviderSketchGeometryExtensionPyImp.cpp.o,1.034,0.972911,0.90036,0.054296,0.767402,0.158621,0.123023,0.036376,0.016426
src/Mod/Sketcher/Gui/CMakeFiles/SketcherGui.dir/PropertyVisualLayerList.cpp.o,1.009,0.945941,0.760976,0.167191,0.506633,0.239717,0.251168,0.111926,0.053777
src/Mod/Sketcher/Gui/CMakeFiles/SketcherGui.dir/FontProvider.cpp.o,0.94,0.885692,0.61986,0.247958,0.322442,0.201716,0.234245,0.177461,0.068844
src/Mod/Sketcher/Gui/CMakeFiles/SketcherGui.dir/SketchMirrorDialog.cpp.o,0.535,0.47666,0.419937,0.039764,0.248258,0.118323,0.135148,0.024981,0.013255
src/Mod/Sketcher/Gui/CMakeFiles/SketcherGui.dir/VisualLayer.cpp.o,0.524,0.467339,0.425789,0.025758,0.331069,0.165165,0.175953,0.017508,0.006902
src/Mod/Sketcher/Gui/CMakeFiles/SketcherGui.dir/SketcherGui_autogen/mocs_compilation.cpp.o,0.326,0.272743,0.247442,0.009587,0.0,0.08174,0.103056,0.00456,0.003674
src/Mod/Sketcher/Gui/CMakeFiles/SketcherGui.dir/SoZoomTranslation.cpp.o,0.25,0.195028,0.151621,0.028117,0.0043,0.044848,0.000423,0.012144,0.014581
